gender,name
male,Toivo
male,Connor
male,José María
male,Mathieu
male,Rémi
male,Aapo
male,Tom
male,Phillip
male,Victor
male,Alessio
male,Daniel
male,Darpan
male,Hamsa
male,William
male,Arthur
male,James
male,Davor
male,Samu
male,Wyatt
male,Ludvig
male,Karl
male,Sam
male,Jack
male,Daniel
male,Chernin
male,Abelardo
male,Abdessamad
male,Samarth
male,Nikolaj
male,Fitan
male,Aitor
male,Alejandro
male,Colin
male,Hudson
male,Arnaud
male,اميرمحمد
male,Eelis
male,Alfonso
male,Danny
male,Simon
male,Önal
male,Oliver
male,Travis
male,Jorge
male,Koray
male,Marcus
male,Levko
male,Angus
male,Aatu
male,Nuno
male,Marko
male,Héctor
male,Nuno
male,Bertram
male,Ramiz
male,Guillermo
male,Pawan
male,Joel
male,Konsta
male,Ramon
male,Anthony
male,Elias
male,Hotimir
male,Matias
male,Jack
male,Kaya
male,Abraham
male,Amin
male,Jaime
male,Miodrag
male,Rich
male,Vratislav
male,Akseli
male,Gregory
male,Paul
male,Boško
male,Richard
male,Benjamin
male,Jim
male,Peter
male,Jordan
male,Omar
male,Sivar
male,Corey
male,Volkan
male,Eloy
male,Jonathan
male,Guido
male,Krasun
male,Wyatt
male,اميرعلي
male,Damien
male,Theo
male,Niilo
male,Heinz-Wilhelm
male,Eugenio
male,Lenni
male,Matias
male,Jurrien
